# "Loading... ","加载中... "
"Quickstart guide","快速入门指南","b"
"Control panel","控制面板","b"
"Dwarf Fortress","矮人要塞","c"
"Histories of Greed and Tenacity","贪婪与韧性的编年史","c"
"Histories of Greed and Toil","贪婪与辛劳的编年史","c"
"Histories of Jealousy and Mettle","嫉妒与勇气的编年史","c"
"Histories of Avarice and Exertion","贪婪与努力的编年史","c"
"Histories of Gluttony and Diligence","暴食与勤奋的编年史","c"
"Histories of Gluttony and Exertion","暴食与努力的编年史","c"
"Histories of Avarice and Dynamism","贪婪与活力的编年史","c"
"Histories of Jealousy and Resourcefulness","嫉妒与智谋的编年史","c"
"Histories of Jealousy and Tenacity","嫉妒与韧性的编年史","c"
# "Virtual keyboard for typing with the mouse.",""
"World name","世界名称"
"Folder","文件夹"
"Folder: ","文件夹: "
"Files","文件","c"
"World: ","世界: "
"FPS: 0 (0)","FPS: {d} ({d})"
"DFHack Quickstart Guide","DFHack 快速入门指南","d"
"Page 0 of 0","页面 {d} of {d}"
"Continue active game","继续当前游戏","c"
"Loading world and continuing active game","加载世界并继续可用游戏"
"Loading world to start new game","加载世界来开始新游戏"
"Start new game in existing world","在现有世界中开始新游戏","c"
"Create new world","创建新的世界","c"
"Object testing arena","目标测试竞技场","c"
"DFHack tools.","DFHack工具."
"Mods","模组","c"
"Settings","设置","c"
"About DF","关于DF","c"
"Quit","退出","c"
"Video","画面设置"
"Game","游戏"
"Audio","音频"
"Keybindings","按键绑定"
"Announcements","公告"
"Gameplay","游戏性"
"Done","完成","c"
"Windowed","窗口化"
"Fullscreen","全屏"
"Resolution:","分辨率:"
"None","无"
"DFHack Control Panel","DFHack 控制面板","c"
"Scale interface to fit grid height/width","缩放界面以适应网格高度/宽度"
"Scale interface to","缩放界面以适应网格高度/宽度"
"Desired grid width for scaling (default = 0)","缩放的目标网格宽度 (默认 = {d})"
"Desired grid widt","缩放的目标网格宽度"
"Desired grid height for scaling (default = 0)","缩放的目标网格高度 (默认 = {d})"
"Desired grid heig","缩放的目标网格高度"
"Interface scaling percentage if not fitting width","如果不适应宽度,界面缩放百分比"
"Interface scaling","界面缩放百分比"
"Range:","范围: "
"0 to 0","{d} 至 {d}"
"Range: 0 to 0","范围: {d} 至 {d}"
"Graphical FPS cap (default 0)","图形FPS上限 (默认 {d})"
"Graphical FPS cap","图形FPS上限"
"Initial window width (if windowed)","初始窗口宽度 (如果窗口化)"
"Initial window wid","初始窗口宽度"
"Initial window height (if windowed)","初始窗口高度 (如果窗口化)"
"Initial window hei","初始窗口高度"
"Window is resizable (takes effect on restart)","窗口可调整大小 (重启后生效)"
"Window is resizabl","窗口可调整大小"
"Maximum interface percentage (not counting minimap/elevation)","最大界面百分比 (不包括小地图/高程)"
"Maximum interface","最大界面百分比"
"ight/width",""
"g (default = 0)",""
"ng (default = 0)",""
"if not fitting width",""
"wed)",""
"owed)",""
"ect on restart)",""
"not counting minimap/elevation)",""
"Yes","是"
"Automatic","自动"
"Detect","自动检测","c"
"No","否"
"Scaling mode","缩放模式"
"Use Classic ASCII glyphs","使用经典ASCII字符"
"Use Classic ASCII","使用经典ASCII字符"
#"In-game DFHack command launcher with integrated help.","游戏内 \a#6b57acDFHack\a 命令启动器,集成帮助功能","s"
"In-game DFHack command launcher with integrated help.","游戏内 \a#6b57acDFHack\a 命令启动器,\n集成帮助功能","s"
#"In-game DFHack command launcher with integrated help.","游戏内 DFHack 命令启动器,\n集成帮助功能","s"
"He was interested having an intellectual discussion with an acquaintance.","他\a#6b57ac想\a与一位相识之人\n开展一场\a#ffffff学术层面的\a探讨.","s"
"Passing a few weeks to get things ready...","矮人们正忙上几周时间, 把事情准备妥当..."
"DFHack Launcher","DFHack启动器","d"
"Click or select via","点击或通过选择"
"Help","帮助"
"Output","输出"
"Clear output","清除输出","b"
"Copy output to clipboard","复制输出到剪贴板","b"
"Showing: Matching tools","显示: 匹配工具"
"Welcome to DFHack!","欢迎使用DFHack!"
"Automation","自动化"
"Bug Fixes","漏洞修复"
"UI Overlays","界面覆盖层"
"Preferences","偏好"
"Enabled","已启用"
"Autostart","自动启动"
"These change or extend gameplay. Read their help docs to see what they do and enable the ones that appeal to you.","这些工具会改变或扩展游戏玩法. 请阅读它们的帮助文档,\n了解具体功能, 并启用你感兴趣的部分.","s"
"These are the tools that can be enabled right now. Most tools can only be enabled when you have a fort loaded. Once enabled, tools will stay enabled when you save and reload your fort. If you want them to be auto-enabled for new forts, please see the "Autostart" tab.","这些是当前可启用的工具.\n大多数工具只有在加载了要塞后才能启用.\n一旦启用, 当你保存并重新加载要塞时, 这些工具会保持启用状态.\n如果你希望它们在新建要塞时自动启用, 请参阅"自动启动"标签页.","s"
"These run in the background and help you manage your fort. They are always safe to enable, and allow you to concentrate on other aspects of gameplay that you find more enjoyable.","这些工具在后台运行并帮助您管理要塞.\n启用它们总是安全的, 并且可以让您专注于游戏中您觉得更有趣的其他方面.","s"
"Please load a fort to see the fort-mode tools. Alternately, please switch to the "Autostart" tab to configure which tools should be run or enabled on embark.","请加载要塞以查看要塞模式工具.\n或者,请切换到"自动启动"选项卡, 配置在开始游戏时应运行或启用哪些工具.","s"
"These automatically fix dangerous or annoying vanilla bugs. You should generally have all of these enabled.","这些工具会自动修复危险或烦人的原版错误.\n通常应该启用所有这些功能.","s"
"eggs-fertile (global)","可受精蛋(全局)","b"
"fast-heat (global)","快速加热(全局)","b"
"hide-tutorials (global)","隐藏教程(全局)","b"
"partial-items (global)","部分物品(全局)","b"
"realistic-melting (global)","逼真熔化(全局)","b"
"adamantine-cloth-wear (global)","金刚砂布质服装(全局)","b"
"flask-contents (global)","烧瓶内容物(全局)","b"
"named-codices (global)","命名古抄本(全局)","b"
"reaction-gloves (global)","反应手套(全局)","b"
"Displays an indicator on fertile eggs.","在受精蛋上显示一个标识."
"Prevents adamantine clothing from wearing out while being worn.","防止金刚砂服装在穿着时磨损."
"These are DFHack overlays that add information and functionality to native DF screens. You can toggle whether they are enabled here, or you can reposition them with gui/overlay.","这些是 DFHack 覆盖层, 为原生 DF 界面添加信息和功能.\n您可以在此切换是否启用它们, 或使用 gui/overlay 重新定位它们.","s"
"Overlay for burrow list","聚居地列表覆盖层"
"These are the customizable DFHack system settings.","这些是可自定义的 DFHack 系统设置."
"DFHack searches full text","DFHack 全文搜索","b"
"Hide console on startup (MS Windows only)","启动时隐藏控制台(仅适用于 MS Windows)","b"
"DFHack tools autopause game","DFHack 工具自动暂停游戏","b"
"Large number formatting","大数字格式化","b"
"Intercept handled hotkeys","拦截已处理的热键","b"
"Mouse double click speed (ms)","鼠标双击速度(毫秒)","b"
"Mouse scroll repeat delay (ms)","鼠标滚动重复延迟(毫秒)","b"
"Mouse initial scroll repeat delay (ms)","鼠标初始滚动重复延迟（毫秒）","b"
"Toggle/edit setting","切换/编辑设置","b"
"Don't show tools that give you god-like powers wherever DFHack tools are listed.","在任何列出 DFHack 工具的地方,\n不显示赋予你神一般能力的工具.","s"
"Tools that are enabled on this page will be auto-run or auto-enabled for you when you start a new fort (or, for "global" tools, when you start the game). To see tools that are enabled right now, please click on the "Enabled" tab.","在此页面启用的工具将在你开始新要塞时自动运行或\n自动启用(或者, 对于"全局"工具, 在你开始游戏时).\n要查看当前启用的工具, 请点击"已启用"选项卡.","s"
"Make agitated wildlife and cavern invasions less persistent.","减少激动的野生动物和洞穴入侵的持久性."
"Type a command or click on it in the autocomplete panel to see its help text here. Hit Enter or click on the "run" button to run the command as typed. You can also run a command without parameters by double clicking on it in the autocomplete list.","在自动完成面板中输入命令或点击查看帮助文本.\n按回车或点击"运行"按钮来执行命令.\n您也可以双击自动完成列表中的命令来运行不带参数的命令.\n ","s"
"You can filter the autocomplete list by clicking on the "Tags" button. Tap backtick (`) or hit ESC to close this dialog. This dialog also closes automatically if you run a command that shows a new GUI screen.","您可以通过点击"Tags"按钮来过滤自动完成列表.按反引号(`)或ESC键来关闭此对话框.\n如果您运行显示新GUI屏幕的命令,此对话框也会自动关闭.\n ","s"
"Not sure what to do? You can browse and configure DFHack most important tools in "gui/control-panel". Please also run "quickstart-guide" to get oriented with DFHack and its capabilities.","不确定该如何操作? 你可以在"控制面板"中浏览并配置DFHack的核心工具.\n建议同时运行"快速入门指南",以熟悉DFHack的功能与使用方法.\n ","s"
"To see more detailed help for this command launcher (including info on keyboard and mouse controls), type "gui/launcher".","要查看此命令启动器的更详细帮助(包括键盘和鼠标控制信息),\n请输入"gui/launcher".","s"
"DFHack and its capabilities.","DFHack及其功能."
"Command finished successfully","命令成功完成"
"An abridged chronicle (0 events total):","简略编年史(共 {d} 个事件):"
"Historical figures: 0","历史人物: {d}"
"Forming lakes and minerals... (0)","形成湖泊和矿物... ({d})"
"The Age of Myth, year 0","神话时代, 第{d}年"
"Finalizing sites... (0/0)","确定地点... ({d}/{d})"
"Finalizing uniforms... (0/0)","制服制服... ({d}/{d})"
"Finalizing art... (0/0)","完成艺术...({d}/{d})"
"Offloading units...","卸载单位"
"Offloading units... 0/0","卸载单位... {d}/{d}"
"Allocating space...","分配空间..."
"Saving world","保存世界"
"Initializing...","初始化中..."
"Saving history...","保存历史..."
"Saving agreements...","保存协议..."
"Saving civilized populations...","保存文明人口..."
"Offloading art images...","卸载艺术图像..."
"Opening file...","正在打开文件..."
"Characterizing raw data...","分析原始数据..."
"Sorting world information...","整理世界信息..."
"Saving coin information...","保存货币信息..."
"Saving parameters...","保存参数..."
"Saving tracking info...","保存追踪信息..."
"Saving items...","保存物品......"
"Saving units...","保存单位......"
"Saving jobs...","保存工作......"
"Saving schedules...","保存时间表......"
"Saving projectiles...","保存投射物......"
"Saving buildings...","保存建筑......"
"Saving machines...","保存机器......"
"Saving flow guides...","保存流体指引......"
"Saving effects...","保存效果......"
"Saving entities...","保存实体......"
"Saving local animal populations...","保存当地动物种群......"
"Saving events...","保存活动......"
"Saving mandates...","保存任务......"
"Saving work quotas...","保存工作配额......"
"Saving world events...","保存世界事件......"
"Saving squads...","保存小队......"
"Saving formations...","保存编队......"
"Saving activities...","保存活动......"
"Saving interactions...","保存互动......"
"Saving written content...","保存书写内容......"
"Saving identities...","保存身份......"
"Saving incidents...","保存事故......"
"Saving crimes...","保存罪行......"
"Saving vehicles...","保存载具......"
"Saving armies...","保存军队......"
"Saving army controllers...","保存军队控制......"
"Saving tracking information...","保存跟踪信息......"
"Saving cultural identities...","保存文化身份......"
"Saving agreement...","保存协议......"
"Saving art forms...","保存艺术表格......"
"Saving occupations...","保存职业......"
"Saving belief systems...","保存信仰体系......"
"Saving image sets...","保存图像集"
"Saving divination sets...","保存预言集"
"Saving announcements...","保存公告......"
"Saving fortress information...","保存堡垒信息......"
"Saving world information...","保存世界信息......"
"Saving artifacts...","保存文物......"
"Saving active historical figures...","保存活跃的历史人物......"
"Saving adventure data...","保存冒险数据......"
"Saving general information...","保存一般信息......"
"Closing file...","关闭文件中..."
"Medium","中等"
"World map size","世界地图大小"
"Number of beasts","野兽数量"
"Maximum number of sites","最大地点数量"
"Pocket","小型"
"Smaller","更小"
"Small","小"
"Large","大"
"History length","历史长度"
"Very rare","非常稀有"
"Number of civilizations","文明数量"
"Very low","非常低"
"Low","低"
"Rare","稀有"
"High","高"
"Very high","非常高"
"Natural savagery","自然野蛮度"
"Mineral occurrence","矿物分布"
"Sparse","稀少"
"Frequent","频繁"
"Everywhere","随处可见"
"Create world","创建世界","c"
"Detailed mode","详细模式","c"
"Back to main menu","返回主菜单","c"
"Welcome to Dwarf Fortress","欢迎来到矮人要塞","c"
"Placing civilizations... (0)","放置文明...({d})"
"0 years","{d} 年"
"Choose or create a parameter set to make a custom world.","选择或创建参数集来创建自定义的世界."
"New parameter set","新参数集","c"
"Save","保存","c"
"Load","载入","c"
"Width","宽度","c"
"Height","高度","c"
"Random seed","随机种子"
"Copy","复制","c"
"Delete","删除","c"
"Basic options","基本选项","c"
"Use Seed","使用种子"
"Random","随机"
"Seed","种子"
"Seed text","种子文本"
"Use History Seed","使用历史种子"
"Use Name Seed","使用名称种子"
"Use Creature Seed","使用生物种子"
"Custom world name","自定义世界名称"
"Embark Points","登船点"
"End Year","终止年"
"Population Cap After Civ Creation","文明创建后的人口上限"
"Site Cap After Civ Creation","文明创建后的居住地上限"
"Percentage Beasts Dead For Stoppage","百分比野兽死于停电"
"Year to Begin Checking Megabeast Percentage","开始检查巨兽比例的年份"
"Cull Unimportant Historical Figures","剔除不重要的历史人物"
"Reveal All Historical Events","揭示所有历史事件"
"Minimum Elevation","最低海拔"
"Erosion Cycle Count","侵蚀周期计数"
"Minimum River Start Locations (Pre-Erosion)","最小河流起点位置(侵蚀前)"
"Desired River Start Locations (Post-Erosion)","所需的河流起点位置(侵蚀后)"
"Periodically Erode Extreme Cliffs","定期侵蚀极端悬崖"
"Do Orographic Precipitation and Rain Shadows","做地形降水和雨影"
"Maximum Number of Subregions","最大子区域数"
"Cavern Layer Number","洞穴层数"
"Cavern Layer Openness Min","洞穴层开放度最低"
"Cavern Layer Openness Max","洞穴层开放度最大值"
"Cavern Layer Passage Density Min","洞穴层通道密度最小值"
"Cavern Layer Passage Density Max","洞穴层通道密度最大值"
"Cavern Layer Water Min","洞穴层水最小"
"Cavern Layer Water Max","洞穴层水最大"
"Magma Layer","岩浆层"
"Bottom Layer (Forces Magma)","底层(强迫岩浆)"
"Z Levels Above Ground","Z水平高于地面"
"Z Levels Above Layer 0","Z层高于第{d}层"
"Z Levels At Bottom","Z水平在底部"
"Minimum Natural Cave Size","最小天然洞穴大小"
"Maximum Natural Cave Size","最大天然洞穴大小"
"Number of Mountain Caves","山洞数量"
"Number of Non-Mountain Caves","非山洞的数量"
"Number of Mythical Sites","神话地点数量"
"Make Caves Visible","让洞穴可见"
"Allow Init Embark Options to Show Tunnels","允许初始登船选项显示隧道"
"Only in Finder","只在搜索器中"
"Number of Civilizations","文明数量"
"Playable Civilization Required","需要可玩的文明"
"Minimum Number of Mid-Elevation Squares","中高程广场的最小数量"
"Minimum Number of Low-Elevation Squares","最低低仰角数"
"Minimum Number of High-Elevation Squares","最小高海拔广场数量"
"Minimum Number of Mid-Rain Squares","中雨广场的最小数量"
"Minimum Number of Low-Rain Squares","最小数量的低雨广场"
"Minimum Number of High-Rain Squares","最低数量的高雨广场"
"Minimum Number of Mid-Drainage Squares","最小中间排水广场数量"
"Minimum Number of Low-Drainage Squares","最小数量的低排水广场"
"Minimum Number of High-Drainage Squares","最小数量的高排水广场"
"Minimum Number of Mid-Savagery Squares","最小中游广场数量"
"Minimum Number of Low-Savagery Squares","最低数量的低野蛮广场"
"Minimum Number of High-Savagery Squares","最低数量的高级野蛮广场"
"Minimum Number of Mid-Volcanism Squares","中火山广场的最小数量"
"Minimum Number of Low-Volcanism Squares","最低数量的低火山正方形"
"Minimum Number of High-Volcanism Squares","最低数量的高火山广场"
"LARGE ISLAND","巨大的岛屿"
"LARGE REGION","巨大的地区"
"MEDIUM ISLAND","中等岛屿"
"MEDIUM REGION","中等地区"
"SMALL ISLAND","小岛屿"
"SMALL REGION","小地区"
"SMALLER ISLAND","非常小的岛屿"
"SMALLER REGION","较小的地区"
"POCKET ISLAND","口袋岛"
"POCKET REGION","口袋地区"
"Always","总是"
"Diplomat","外交官"
"Don't repeat","不要重复"
"Enable temperature","启用温度"
"Semiannual","半年度"
"Default normal traffic path cost","默认正常交通路径成本"
"Enable artifact moods","启用神器情绪"
"Toggle Fullscreen","切换全屏"
"Prepare carefully embark confirmation","仔细准备启程确认"
"Display worn clothing dyes (fort mode)","显示穿着服装染料(要塞模式)"
"If points remain","如果点数剩余"
"Master Volume: 0%","主音量:{d}%"
"Music Volume (Fortress): 0%","音乐音量(要塞):{d}%"
"Show numeric liquid levels","显示数字液体等级"
"Ambience Volume (Fortress): 0%","环境音量(要塞):{d}%"
"Engravings start obscured","雕刻开始模糊"
"Sound Effects Volume (Fortress): 0%","音效音量(要塞):{d}%"
"Average Seconds Between Tracks/Interludes (Fortress): 0","曲目/插曲间隔平均秒数(要塞):{d}"
"Secondary Select","次要选择"
"Nickname position (fort mode)","昵称位置(要塞模式)"
"Music Volume (Adventure): 0%","音乐音量(冒险):{d}%"
"Ambience Volume (Adventure): 0%","环境音量(冒险):{d}%"
"Storage path decrease (bin combine)","存储路径减少(箱子合并)"
"Autosave the game after embark","启程后自动保存游戏"
"Drop item","丢弃物品"
"Sound Effects Volume (Adventure): 0%","音效音量(冒险):{d}%"
"Toggle overlay","切换悬浮层显示","b"
"Show overlay help","显示帮助悬浮层","b"
"Restore defaults","恢复默认设置","b"
"Change tab or highlight selection","更改选项卡或高亮选择"
"Storage path decrease (barrel combine)","存储路径减少(桶合并)"
"Default embark height","默认启程高度"
"Portable mode","便携模式"
"Display worn clothing dyes (adv mode)","显示穿着服装染料(冒险模式)"
"Game frames-per-second cap (default 0)","游戏每秒帧数上限(默认{d})"
"Autosave frequency","自动保存频率"
"Pause after every autosave","每次自动保存后暂停"
"Enable testing arena (on next title)","启用测试竞技场(下次标题时)"
"Pause after loading","加载后暂停"
"Horizontal keyboard scroll tiles (world)","水平键盘滚动格子(世界)"
"Default low traffic path cost","默认低交通路径成本"
"Confirmation window for all embarks","所有启程确认窗口"
"Show tunnels on world map","在世界地图上显示隧道"
"Hotkey: Building, Vertical Bars","热键:建筑,竖栏"
"Show up/down arrows on ramps at current elevation","在当前高度显示斜坡上下箭头"
"Show improvement quality in item names","在物品名称中显示改进品质"
"In site finder","在地点查找器中"
"Enable weather","启用天气"
"Select","选择"
"Number of lower elevation layers to show","要显示的较低海拔层数"
"Enable caveins","启用塌方"
"Show rectangle dimensions","显示矩形尺寸"
"Walking spreads spatter (fort mode)","行走传播飞溅(要塞模式)"
"Walking spreads spatter (adv mode)","行走传播飞溅(冒险模式)"
"Keyboard cursor enabled","启用键盘光标"
"Nickname position (adv mode)","昵称位置(冒险模式)"
"Log world generation map rejects","记录世界生成地图拒绝"
"Enable multithreading","启用多线程"
"Default embark width","默认启程宽度"
"Default high traffic path cost","默认高交通路径成本"
"Default restricted traffic path cost","默认限制交通路径成本"
"Storage path decrease (# of contained item cap)","存储路径减少(包含项上限)"
"Baby+child cap","婴幼儿童的上限"
"Baby+child cap (percentage of total)","婴幼儿童的上限(占总人数的比例)"
"Compressed saves (recommended!)","压缩保存(推荐!)"
"Hotkey: Building, Bed","热键:建筑,床"
"Storage path decrease (seed bag combine)","存储路径减少(种子袋合并)"
"Cull dead units at","清除死亡单位于"
"Key hold milliseconds before repeat","按键保持毫秒数前重复"
"Storage path decrease (bucket combine)","存储路径减少(桶合并)"
"Population cap","人口上限"
"Strict population cap (includes births)","严格人口上限(包括出生)"
"Hotkey: Building, Kennel","热键:建筑,犬舍"
"Delayed repeat","延迟重复"
"Visitor cap","访客上限"
"Seed cap (per species)","种子上限(每物种)"
"Total seed cap","总种子上限"
"Show all historical events in engravings etc.","在雕刻等中显示所有历史事件"
"Replace first","替换第一个"
"Nickname position (legends mode)","昵称位置(传奇模式)"
"Grazing coefficient (higher = less grass)","放牧系数(越高=草越少)"
"Show frames-per-second","显示每秒帧数"
"Milliseconds for each key repeat","每次按键重复毫秒数"
"Combat","战斗"
"Number of key repeats before accelerating","加速前按键重复次数"
"Maximum key repeat acceleration multiplier","最大按键重复加速倍数"
"Milliseconds interface shutdown after recenter","重新定位后接口关闭毫秒数"
"Disabled","已禁用"
"Milliseconds between macro instructions","宏指令间隔毫秒数"
"Decrease FPS limit","降低FPS限制"
"Maximum embark dimension","最大启程尺寸"
"Classic varied ground tiles","经典多样地面图块"
"Horizontal keyboard scroll tiles","水平键盘滚动图块"
"Horizontal keyboard scroll tiles (fast)","水平键盘滚动图块(快速)"
"Vertical keyboard scroll tiles","垂直键盘滚动图块"
"Vertical keyboard scroll tiles (fast)","垂直键盘滚动图块(快速)"
"Horizontal keyboard scroll tiles (world, fast)","水平键盘滚动图块(世界,快速)"
"Vertical keyboard scroll tiles (world)","垂直键盘滚动图块(世界)"
"Charge","冲锋"
"Vertical keyboard scroll tiles (world, fast)","垂直键盘滚动图块(世界,快速)"
"Hotkey: Building, Cabinet","热键:建筑,柜子"
"General","常规"
# "Enter","进入"
"Hotkey: Building, Floodgate","热键:建筑,水闸"
"Add","添加"
"Fortress","要塞","c"
"Adventure","冒险","c"
"Adventurer","冒险者","c"
"Legends","传说","c"
"Back to title menu","返回到主菜单","c"
"Select a game type to begin!","选择一个游戏类型开始!","c"
"Numpad Enter","数字键盘回车"
"Building","建筑"
"Text entry","文本输入"
"Main menu","主菜单"
"Macros","宏"
"Deselect","取消选择"
"Close mega announcement","关闭巨型公告"
"Select all","全选"
"Leave screen","离开屏幕"
"Zoom In","放大"
"Leftbracket","左括号"
"Zoom Out","缩小"
"Rightbracket","右括号"
"Increase FPS limit","增加FPS限制"
"Change tab or highlight selection, secondary","更改选项卡或高亮选择,次要"
"Hotkey: Building, Armorstand","热键:建筑,武器架"
"Hotkey: Building, Chair","热键:建筑,椅子"
"Hotkey: Building, Coffin","热键:建筑,棺材"
"Hotkey: Building, Door","热键:建筑,门"
"Hotkey: Building, Hatch","热键:建筑,舱口"
"Hotkey: Building, Wall Grate","热键:建筑,墙格栅"
"Hotkey: Building, Floor Grate","热键:建筑,地板格栅"
"Recenter","重新居中"
"Hotkey: Building, Floor Bars","热键:建筑,地板栏杆"
"Hotkey: Building, Chest","热键:建筑,箱子"
"Hotkey: Building, Farm Plot","热键:建筑,农田"
"Hotkey: Building, Weaponrack","热键:建筑,武器架"
"Hotkey: Building, Statue","热键:建筑,雕像"
"Hotkey: Building, Table","热键:建筑,桌子"
"Hotkey: Building, Dirt Road","热键:建筑,土路"
"Parry","格挡"
"Hotkey: Building, Paved Road","热键:建筑,铺砌道路"
"All","全部"
"Name","名称"
"Popup","弹出窗口"
"Pause","暂停","c"
"Adv","冒险"
"Fort","要塞"
"Report","报告"
"Alert","警报"
"(Active)","(激活)"
"Weapon twist","武器扭转"
"Other","其他"
"Report (Active)","报告(激活)"
"Surprised","惊讶"
"Jump-dodge (proj)","跳跃闪避(投射)"
"Jump-dodge (strike)","跳跃闪避(打击)"
"Dodge","闪避"
"Tangle","混乱"
"Tangle/tumble","纠缠/混乱"
"Counterstrike","反击"
"Block","格挡"
"(Charge) Collision","(冲锋) 碰撞"
"(Charge) (D) Tumble","(冲锋) (D)跌倒"
"(Charge) (D) Knocked over","(冲锋) (D)击倒"
"(Charge) (A) Tumble","(冲锋) (A)跌倒"
"(Charge) (A) Bounced back","（冲锋）(A)反弹"
"(Wrestle) Joint lock","(摔跤)关节锁"
"(Wrestle) Chokehold","(摔跤)锁喉"
"(Wrestle) Takedown","(摔跤)抱腿摔"
"(Wrestle) Throw","(摔跤)过肩摔"
"(Wrestle) Release lock","(摔跤)松开关节锁"
"(Wrestle) Release choke","(摔跤)松开锁喉"
"(Wrestle) Release","(摔跤)松开"
"(Wrestle) Struggle","(摔跤)扭打"
"(Wrestle) Latch on","(摔跤)缠打"
"(Wrestle) Strangle","(摔跤)扼杀技"
"(Wrestle) Adjust grip","(摔跤)调整抓握点"
"(Wrestle) Part ripped away","(摔跤)部件被扯下"
"Minimum Final Desert Region Count","最终沙漠区域的最小数量"
"Minimum Initial Forest Square Count","初始森林格子的最小数量"
"Minimum Initial Forest Region Count","初始森林区域的最小数量"
"Minimum Final Forest Region Count","最终森林区域的最小数量"
"Minimum Initial Mountains Square Count","初始山脉格子的最小数量"
"Minimum Initial Mountains Region Count","初始山脉区域的最小数量"
"Minimum Final Mountains Region Count","最终山脉区域的最小数量"
"Minimum Initial Ocean Square Count","初始海洋格子的最小数量"
"Minimum Initial Ocean Region Count","初始海洋区域的最小数量"
"Minimum Final Ocean Region Count","最终海洋区域的最小数量"
"Minimum Initial Glacier Square Count","初始冰川格子的最小数量"
"Minimum Initial Glacier Region Count","初始冰川区域的最小数量"
"Prepare to guide your stout charges to fortune in a world fraught with many perils. You'll begin by creating your world and watching the region's history unfold. Once this process is complete, you can prepare a group and send them out to seek wealth deep in the mountains. As you dig deeper and more citizens take up residence in your outpost, your doings will attract attention, both wanted and unwanted. Deal with challenges as they arise, and you might one day find that your humble settlement has grown to become a Mountainhome, the center of your civilization.","准备引导你勇敢的子民在一个充满危险的世界中寻求财富.\n你将从创建你的世界开始,观察该地区的历史展开.\n一旦这个过程完成,你可以准备一支队伍并派遣他们深入大山寻找财富.\n随着你挖掘得越深,更多的居民在你的前哨站定居,\n你的行为将吸引注意力,既有想要的也有不想要的.\n应对出现的挑战,有一天你可能会发现你简陋的定居点已经成长为山之心,\n你文明的中心.","s"
"Okay","确定","c"
"In the early spring of 0, the dwarf Catten Glenmansions's tongue was torn off by the goblin Ber Scorpiondisgust.","在{d}年的早春,矮人卡滕·格伦大厦的舌头被地精伯·蝎子厌恶撕掉了."
"Finalizing civ mats... (0/0)","完成文明材料...({d}/{d})"
"Loading data needed to create new world","加载创建新世界所需的数据"
"Loading object files...","加载对象文件..."
"Initializing music load...","初始化音乐加载..."
"Vanilla Text","原版文本"
"Vanilla Languages","原版语言"
"Brook: The Problematic Hedge","溪流:有问题的树篱"
"Brook: Giftwinnow","溪流:礼物筛选"
"Vanilla Descriptors","原版描述符"
"Vanilla Materials","原版材料"
"Vanilla Environment","原版环境"
"Vanilla Plants","原版植物"
"Vanilla Items","原版物品"
"Vanilla Buildings","原版建筑"
"Verifying terrain...","验证地形..."
"Vanilla Bodies","原版身体"
"Vanilla Creatures","原版生物"
"Vanilla Entities","原版实体"
"Vanilla Reactions","原版反应"
"Vanilla Interactions","原版互动"
"Vanilla Descriptors Graphics","原版描述符图形"
"Vanilla Plants Graphics","原版植物图形"
"Stream: The Merchant of Teeth","溪流:牙齿商人"
"Vanilla Items Graphics","原版物品图形"
"Creating Elathu Inala, \"The Domain of Portents\" (0 rejected)","创建埃拉苏·伊纳拉,"预兆之域\"({d}个被拒绝)"
"Vanilla Buildings Graphics","原版建筑图形"
"Vanilla Creatures Graphics","原版生物图形"
"Vanilla Interactions Graphics","原版互动图形"
"Vanilla World Map","原版世界地图"
"The Mire of Bewildering","困惑之沼"
"Dark goblin pits","黑暗地精坑"
"Vanilla Interface","原版界面"
"Vanilla Music","原版音乐"
"Vanilla Procedural Objects","原版程序化对象"
"Processing languages...","处理语言..."
"Brook: Wretchedmartyred the Delig...","溪流:悲惨殉道的神圣..."
"Processing plants...","处理植物..."
"Growing vegetation...","生长植被..."
"Processing items...","处理物品..."
"Inkrings\"","墨环\""
"Processing entities...","处理实体..."
"In 0, The Group of Shores of The Kingdoms of Assault founded Flarenames.","在{d}年, assault王国的海岸集团创建了闪光名字."
"Processing music...","处理音乐..."
"Rocky Wasteland","岩石荒地"
"Finalizing descriptors...","完成描述符..."
"In 0, the dwarf Catten Torchwire became the king of The Mythical Books.","在{d}年,矮人卡滕·火炬线成为了神话之书的国王."
"Finalizing tissue templates...","完成组织模板..."
"Finalizing entities...","完成实体..."
"Finalizing reactions...","完成反应..."
"Preparing graphics...","准备图形..."
"The Fierce Plain","凶猛平原"
"Finalizing...","完成中..."
"Creating Elathu Inala, \"The Domain of Portents\"","创建埃拉苏·伊纳拉,"预兆之域\""
"Preparing elevation...","准备海拔..."
"Iron Gold Silver Copper Nickel Zinc","铁金银铜镍锌"
"Setting temperature...","设置温度..."
"Running rivers...","流淌河流..."
"Forming lakes...","形成湖泊..."
"The Steppe of Yore","昔日草原"
"In the midspring of 0, the roc Rorte Hoaryjungle the Shells of Stone routed","在{d}年的仲春,巨鸟罗特·灰白丛林·石之壳击溃了"
"Stream: Lasteagle","溪流:最后鹰"
"Brook: Salvedoctrines the Surpris...","溪流:治疗教义惊人的..."
"Doctrine.","教义."
"In 0, the human Isi Lenslilac became the most sacred number of The Wondrous","在{d}年,人类伊西·镜头丁香成为了奇妙之神最神圣的数字"
"Events: 0","事件:{d}"
"Stream: Shriekuttered the Dismal ...","溪流:尖叫说出阴郁的..."
"In 0, the human Usmok Crewedecho constructed Bathedbirths for The Gristly","在{d}年,人类乌斯莫克·船员回声为格里斯特里建造了沐浴诞生"
"Stream: The Garnish of Dumping","溪流:倾倒的装饰"
"Communion.","圣餐."
"The Clash-Hills of Mortifying","羞辱的冲突山丘"
"The Chamber of Symmetries of The Routed Bolts and destroyed Fiercediamonds.","被击溃的螺栓的对称密室和摧毁的凶猛钻石."
"The Hills of Eviscerating","解剖的山丘"
"The Field of Mastery","掌控之野"
"The Hill of Amusement","娱乐之山"
"The Hill of Shearing","剪切之山"
"Importing wildlife...","导入野生动物..."
"Trees: Heavily Forested","树木:茂密森林"
"In the early spring of 0, The Lies of Revolting constructed Lootmenaced.","在{d}年的早春,令人作呕的谎言建造了战利品威胁."
"Stream: Watchworshipped","溪流:观看崇拜"
"Dorenoltar","多伦塔尔"
"Temperature: Cold","温度:寒冷"
"Heavy aquifer","重含水层"
"Temperate Conifer Forest","温带针叶林"
"Running rivers... (0)","流淌河流...({d})"
"Ber Scorpiondisgust.","伯·蝎子厌恶."
"The Veiled Hill","面纱之山"
"Stran sbu","斯特兰·斯布"
"Temperature: Warm","温度:温暖"
"Throwerseeds became the druid of The Howls of Celebration.","投掷种子成为了庆祝嚎叫的德鲁伊."
"The Hill of Finding","发现之山"
"Some soil","一些土壤"
"In 0, the elf Niri Willwood became the druid of The Poet of Lances.","在{d}年,精灵尼里·威尔伍德成为了长矛诗人的德鲁伊."
"Brook: Dullstops the Rosy Evil","溪流:沉闷停止玫瑰邪恶"
"The Ignoble Water","卑劣之水"
"Stream: Focussubmerge the Line of...","溪流:专注淹没线..."
"The Continent of Shooting","射击大陆"
"Brook: Saintgold the Insect of Ja...","溪流:圣金甲虫..."
"Keep world and return to main menu","保持世界并返回主菜单","c"
"Play now","开玩","c"
"Play now!","开始游戏!","c"
"The Forest of Wishing","许愿森林"
"Other Vegetation: Thick","其他植被:茂密"
"Stream: Pointedhandles the Immora...","溪流:尖柄不道德..."
"Elven forest retreat","精灵森林隐退处"
"Shallow Clay","浅粘土"
"Shallow Sand","浅沙"
"Platinum Tin Lead","铂金锡铅"
"Tropical Grassland","热带草原"
"Flux stone layer","助熔石层"
"The Oily Oceans","油性海洋"
"Temperature: Hot","温度:炎热"
"Other Vegetation: None","其他植被:无"
"Surroundings: Calm","周围环境:平静"
"Very deep soil","非常深的土壤"
"The Umber Desert","棕土沙漠"
"Trees: Scarce","树木:稀少"
"The Plain of Whispering","低语平原"
"Brook: Hexspoke","溪流:六辐条"
"Trees: Sparse","树木:稀疏"
"Brook: Paintmirthful","溪流:涂漆欢乐"
"The Cradled Jungles","被拥抱的丛林"
"Iron Gold Silver Copper Zinc","铁金银铜锌"
"Temperature: Temperate","温度:温带"
"Temperate Freshwater Marsh","温带淡水沼泽"
"Clay","粘土"
"Brook: Destinedhollows the Consid...","溪流:命中注定空洞考虑..."
"The Jungle of Spirit","精神丛林"
"Temperate Saltwater Swamp","温带盐水沼泽"
"Brook: Suckedclasp","溪流:被吸住"
"Stream: The Foolish Bend","溪流:愚蠢的弯曲"
"Stream: Morningsnarled","溪流:早晨纠缠"
"Brook: Pocketgem the Inconvenienc...","溪流:口袋宝石不便..."
"Brook: Tongueswaddle","溪流:舌包裹"
"Temperate Grassland","温带草原"
"Brook: Scorncontrols","溪流:蔑视控制"
"Brook: Confusedchestnut the Intri...","溪流:困惑栗子复杂..."
"Brook: Tacticrazors the Chip of S...","溪流:战术剃刀芯片..."
"Stream: Palehum the Canyon of Sca...","溪流:苍白嗡嗡峡谷..."
"The Seas of Defense","防御之海"
"Surroundings: Haunted","周围环境:闹鬼"
"The Hill of Roofs","屋顶之山"
"Brook: Metalteacher","溪流:金属老师"
"Brook: The Rift of Beetles","溪流:甲虫裂缝"
"Likotathel","利科塔塞尔"
"Dwarven hillocks","矮人小丘"
"Multiple Constructions","多重建造"
"Stream: Confusedcloset the Scanda...","溪流:困惑衣橱丑闻..."
"Walledcrests\"","围墙顶\""
"Stream: The Rift of Beetles","溪流:甲虫裂缝"
"Surroundings: Sinister","周围环境:邪恶"
"Stream: Maroonkilled the Olive Be...","溪流:栗色杀死橄榄..."
"Stream: Reliefhandled the Crewed ...","溪流:浮雕处理载人..."
"The Cremated Fields","火葬之地"
"The Strangled Land","被扼杀之地"
"The Hill of Owning","拥有之山"
"Stream: The Hoary Bone","溪流:灰白骨头"
"Brook: The Primitive Defect","溪流:原始缺陷"
"The Distracting Swamps","分散注意力的沼泽"
"Stream: Secretrouts the Leprosy o...","溪流:秘密鳟鱼麻风..."
"Stream: Nestlefog the Wines of En...","溪流:巢雾美酒..."
"Stream: Renownedbroil the Garnish...","溪流:著名争吵装饰..."
"The Mountain of Tunneling","隧道之山"
"The North Desert","北方沙漠"
"Brook: Hutsprays the Vulgarity of...","溪流:小屋喷洒粗俗..."
"Stream: Sliverscoured the Early O...","溪流:碎片冲刷早期..."
"Brook: Spurtmeet","溪流:喷射相遇"
"The Hill of Dikes","堤坝之山"
"Stream: Saffronsnarling","溪流:藏红花咆哮"
"Stream: Freecusps","溪流:自由尖点"
"Brook: Hobbledrisk the Sanctuary ...","溪流:跛行风险庇护所..."
"Brook: The Ocean of Dressing","溪流:调味海洋"
"Brook: Cuddledcold","溪流:拥抱寒冷"
"Iron Gold Silver Copper Nickel","铁金银铜镍"
"Brook: Entrancegross the Salve of...","溪流:入口油腻药膏..."
"Stream: Bladestring","溪流:刀刃线"
"The Jungle of Dangers","危险丛林"
"Brook: Tinbrush","溪流:锡刷"
"Stream: The Worthy Butcher","溪流:值得的屠夫"
"Brook: The Yellow Style","溪流:黄色风格"
"The Land of Glimmers","微光之地"
"Brook: The Fiery Cake","溪流:火热蛋糕"
"Stream: Maligngarnish the Laborio...","溪流:恶性装饰勤劳..."
"Stream: Gluttonjudged","溪流:暴食判断"
"Brook: Namedjoyous the Bitter Cou...","溪流:命名欢乐苦涩..."
"Stream: Tribeapex","溪流:部落顶点"
"The Hill of Luring","诱惑之山"
"Nightmare".","噩梦"."
"Finalizing items...","正在完成物品..."
"Creating Namaanenu, "The Everseeing Planets"","正在创建 Namaanenu, "永恒守望的行星""
"Creating Namaanenu, "The Everseeing Planets" (0 rejected)","正在创建 Namaanenu, "永恒守望的行星" ({d}个被拒绝)"
"Stream: The Brilliant Cloister-Louse","溪流: 辉煌的隐修院-虱子"
"Ctrl+t: Rename world","Ctrl+t: 重命名世界"
"The Island of Delight","喜悦之岛"
"Recounting legends...","正在叙述传说..."
"Forming lakes and minerals...","正在形成湖泊和矿物..."
"Placing megabeasts...","正在放置巨兽..."
"In the late winter of 0, the goblin Nako Hatehands of The Cruelty of Breeds created the position of royal executioner as a matter of course.","在{d}年晚冬, 繁殖之残忍的哥布林 Nako Hatehands 顺理成章地创建了皇家刽子手职位."
"Making cave pops...","正在制作洞穴人口..."
"Making cave civilizations...","正在制作洞穴文明..."
"In the early winter of 0, the panther monster Nar of The Torments of Idleness created the position of chief counselor as a matter of course.","在{d}年早冬, 怠惰之折磨的黑豹怪物 Nar 顺理成章地创建了首席顾问职位."
"In 0, the dwarf D shmab Oilbold became the queen of The Even Wheel.","在{d}年, 矮人 D shmab Oilbold 成为了平等之轮的女王."
"In 0, the elf Are Townsnarl became the druid of The Folded Boar.","在{d}年, 精灵 Are Townsnarl 成为了折叠野猪的德鲁伊."
"Grizzly Hatchet of The Fortunate Guild and destroyed Shockpillars.","幸运公会的灰熊战斧摧毁了震撼柱石."
"In the midspring of 0, the hydra Nguzo Gutcankers the Gnarled Stench was struck down by a dwarf in Constructbridges.","在{d}年仲春, 扭曲恶臭的九头蛇 Nguzo Gutcankers 在建造桥梁被矮人击倒."
"In 0, the goblin Aslot Speckwraith assumed the identity "The Feral","在{d}年, 哥布林 Aslot Speckwraith 假扮为 "野性"
"In 0, the elf L ma Sprinkletaupe became the druid of The Folded Boar.","在{d}年, 精灵 L ma Sprinkletaupe 成为了折叠野猪的德鲁伊."
"In 0, The Mists of Blood of The Intricate Pine founded Sensualtrees.","在{d}年, 复杂松树的血之迷雾建立了感官之树."
"In 0, The Mirror of Stokers of The Bold Roof founded Earthsly.","在{d}年, 勇敢屋顶的煽动者之镜建立了地球之狡诈."
"In 0, the human Kima Guardedmonger constructed Speakbald for The Fellowship of Summers.","在{d}年, 人类 Kima Guardedmonger 为夏日之团建造了秃顶发言城."
"In the midsummer of 0, the dragon Diamondheats the Fire of Flames routed The","在{d}年仲夏, 火焰之火的钻石热龙击溃了"
"Light aquifer","轻度含水层"
"In 0, the goblin Stosb b Dreadentries became the master of The Barbarity of","在{d}年, 哥布林 Stosb b Dreadentries 成为了开膛破肚之野蛮的主人."
"Disembowelment.","解剖."
"In 0, the elf Lefari Jumpglaze became the druid of The Sweetness of Salves.","在{d}年, 精灵 Lefari Jumpglaze 成为了药膏之甜蜜的德鲁伊."
"In the midautumn of 0, the hydra Delado Puschanted the Superior Gall was struck down by a dwarf in Humidchannels.","在{d}年中秋, 高级胆汁的脓液咏唱九头蛇 Delado 在潮湿通道被矮人击倒."
"In 0, the goblin Mato Ruinedbad became the master of The Barbarity of","在{d}年, 哥布林 Mato Ruinedbad 成为了开膛破肚之野蛮的主人."
"In 0, the elf Covema Pearlborn became the druid of The Sweetness of Salves.","在{d}年, 精灵 Covema Pearlborn 成为了药膏之甜蜜的德鲁伊."
"In 0, The Band of Volcanos of The Sunken Union founded Maroonbreach.","在{d}年, 沉没联盟的火山乐队建立了褐红突破口."
"To recenter, press wasd or hold+drag the middle mouse button.","要重新居中, 按\a#13FD65wasd\a键或按住并拖动鼠标中键.","s"
"The Crystalline Water","水晶之水"
"Temperate Ocean","温带海洋"
"Trees: None","树木: 无"
"Surroundings: Wilderness","周围环境: 荒野"
"Little soil","少量土壤"
"Tropical Ocean","热带海洋"
"Surroundings: Untamed Wilds","周围环境: 未驯服的荒野"
"The Hill of Clefts","裂缝之山"
"Temperate Shrubland","温带灌木地"
"Trees: Woodland","树木: 林地"
"The Considerate Hill","体贴之山"
"Other Vegetation: Moderate","其他植被: 中等"
"Brook: Crimsonclutched the Wretch...","小溪: 深红抓住的可怜虫..."
"The Trussed Continents","被捆绑的大陆"
"The Cyclopean Mire","独眼巨人沼泽"
"Stream: The Garnishes of Adoring","溪流: 崇拜的装饰物"
"The Wet Land","湿润之地"
"Stream: Pustakers","溪流: 脓液索取者"
"The Delightful Plains","令人愉悦的平原"
"Brook: The Vale of Dances","小溪: 舞蹈之谷"
"Platinum Lead","铂金铅"
"The Desert of Rising","升起之沙漠"
"The Tired Continent","疲惫大陆"
"Sand Desert","沙质沙漠"
"Other Vegetation: Scarce","其他植被: 稀少"
"The Lakes of Quiescence","静止之湖群"
"Tropical Freshwater Lake","热带淡水湖"
"The Everseeing Mire","永恒凝视沼泽"
"Tropical Saltwater Marsh","热带盐水沼泽"
"Stream: Dwellingletters","溪流: 居住文字"
"The Mountainous Dune","山丘沙丘"
"Stream: Leastgarlics","溪流: 最少大蒜"
"The Mire of Sharks","鲨鱼沼泽"
"The Swamps of Bleaching","漂白沼泽群"
"Tropical Freshwater Marsh","热带淡水沼泽"
"Tropical Savanna","热带草原"
"Brook: Bandedglum","小溪: 条纹忧郁"
"The Swamp of Celebrations","庆典沼泽"
"Brook: Rhymerustic","小溪: 韵律乡村"
"The Prairie of Knots","结扣草原"
"The Righteous Island","正义之岛"
"Temperate Savanna","温带草原"
"The Steppe of Adoring","崇拜的草原"
"Stream: Bustlulls","溪流: 繁忙间歇"
"Stream: Whipsquirmed","溪流: 鞭打蠕动"
"Quick start and short tutorial?","快速开始简短的教程?","c"
"Would you like your fortress located in a forested mineral-rich region of this world where you can play through a short tutorial? Non-interactive help will be available whatever you decide.","是否通过一个简短的教程,\n让你的要塞定居在该世界中森林矿产丰富的区域?\n不管你如何决定, 非交互式帮助都会有用的.","s"
"Start tutorial","开始教程","c"
"Skip tutorial","跳过教程","c"
"Click the map to zoom in and choose your embark location.","点击地图放大并选择您的登陆地点."
"Find embark location","寻找开始地点","c"
"Reclaim/unretire","回收","c"
"Choose origin civilization","选择起源文明","c"
"A Dwarven Outpost: You have arrived. After a journey from the Mountainhomes into the forbidding wilderness beyond, your harsh trek has finally ended. Your party of seven is to make an outpost for the glory of all of Viraban.","一座矮人前哨: \a#1C1C1C你们终于抵达了.\a\n\a#1C1C1C历经从群山家园出发, 穿越险恶荒野的漫长旅程, 艰苦的跋涉至此告一段落.\a\n\a#1C1C1C你们这支七人队伍, 将在此建立一座前哨, 为Viraban全体子民赢得荣光.\a","s"
"There are almost no supplies left, but with stout labor comes sustenance. Whether by bolt, plow or hook, provide for your dwarves. You are expecting a supply caravan just before winter entombs you, but it is Spring now. Enough time to delve secure lodgings, ere the wolves get hungry.","补给所剩无几, 但只要勤勉劳作, 便能获得温饱.\n无论使用弩矢、犁铧还是鱼钩, 务必保障矮人们的生计.\n你们预计在寒冬将你们封困之前, 会有一支补给商队抵达,\n而如今正值春季——尚有充足时间挖掘出安全的居所,\n赶在狼群饥肠辘辘之前.","s"
"Preparing map...","正在准备地图..."
"Pop","人口"
"Food","食物"
"Drink","饮料"
"Seeds","种子"
"Meat","肉"
"Fish","鱼"
"Plant","植物"
"Capital","首府"
"Metropolis","都会"
"City","城市"
"Town","镇"
"Village","村庄"
"Hamlet","村镇"
"Outpost","哨站"
"Stocks","库存","c"
"Winter","冬季"
"Autumn","秋季"
"Summer","夏季"
"Early Spring","早春"
"Year 0","{d} 年"
"Elevation 0","海拔 {d}"
"Camera controls (0 of 0)","镜头控制 ({d} of {d})","c"
"Camera controls","镜头控制"
"Mining","挖掘"
"Stockpiles","储物堆"
"Woodcutting","伐木"
"Information sheets","信息表"
"Alerts","警报"
"Preparing for the caravan","为商队做准备"
"Your view is focused on one elevation at a time. To move the camera around, press w a s d or hold the middle mouse button and drag the view.","你只能一次查看一层地图. 要更改显示的层数,\n按 \a#13FD65w a s d\a 或者按住鼠标中键拖动视野.","s"
"Move the camera","移动镜头"
"Move the camera up","上滑镜头"
"Move the camera down","下拉镜头"
"To change the camera's elevation, press e and c or roll the mouse wheel. Hold shift to move faster.","要更改显示的地图层的话,按 \a#13FD65e c\a 或者\a#13FD65滚动鼠标滚轮\a.\n按住shirft键可以加速.","s"
"Next","下","d"
"Back","返回","d"
"Zoom in","放大"
"Zoom out","缩小"
"When your view is in the air above other tiles, you can see them below, but you can only interact with objects in your current elevation.","当你的视野在其他贴图上方的空气中时,你可以看到下方物体,\n但是你只能与你当前高度的物体交互.","s"
"The view will be dark underground until you begin mining.","在您开始挖掘前, 地下会是一片黑暗."
"You can move the camera to the surface with the surface button (highlighted.) The F1 hotkey will recenter on your wagon.","您用地表快捷键(高亮的)可以将摄像机移动到地表.\n热键 \a#13FD65F1\a 会将您的马车居中.","s"
"You can zoom in and out of the play area using","你可以放大或缩小游戏区域"
"Leftbracket Rightbracket, Ctrl+mouse wheel, or the indicated buttons.","\a#C0C0C0使用\a左括号/右括号\a#C0C0C0,\a Ctrl+鼠标滚轮\a#C0C0C0, 或点击指定按钮.\a","s"
"Mining (0 of 0)","挖掘 ({d} of {d})","c"
"It's time to get to work! Let's start by digging a stairwell into the ground. There may be plenty of hillside to dig into, but you'll want to seek wealth below the surface.","是时候开始工作了! 我们开始从地面挖一个楼梯井.\n也许有许多山丘需要挖掘, 但是你会想在地表之下寻找财富","s"
"Mining tasks are designated on the play area. Begin by clicking the highlighted Mining button.","采矿任务会在指定的工作区域开始作业. 首先请点击高亮的\a#E811FF开采\a按钮.","s"
"Open mining mode","打开采矿模式"
"Set digging orders.","设置挖掘命令."
"There are several ways to mine. Stairwells (selected) start at one elevation and are completed at the next.","采矿有多种方式. 选中的楼梯井从某一高度开始开凿, 并在相邻的下一层高度完工."
"Click the surface, move the camera down one level, and click the underground. Reversing the order also works.","点击\a#C0C0C0地表,\a 将镜头下移一层\a#C0C0C0, 再\a点击\a#C0C0C0地下位置; 反过来操作也同样有效.\a","s"
"Start stairway","开始楼梯"
"End stairway","结束楼梯"
"Now we'll unpause the game and let the miner finish the task. Press Space to unpause or use the highlighted controls at the top of the screen. You should pause regularly starting out.","现在我们将取消游戏暂停, 让矿工完成任务.\n按下\a#13FD65空格键\a即可取消暂停, 或者使用屏幕顶部高亮显示的控制按钮.\n在游戏初期, 建议你经常暂停操作.","s"
"Unpause","重新启动"
"Finish mining","采矿完成"
"Let's make a safe place to work. Select Regular Mining mode, to the left of Stair Mining mode.","先清出一块安全的地方吧. 选择\a#E811FF常规挖掘\a模式, 然后点击左边的\a#E811FF掘梯\a模式.","s"
"Finish setting dig orders.","结束挖掘命令设置."
"Stair mining","挖掘楼梯"
"Save and return to title menu","保存并返回游戏主菜单","c"
"Save and continue playing","保存并继续游玩","c"
"Retire the fortress (for the time being)","放弃要塞(暂时)","c"
"Abandon the fortress to ruin","遗弃此要塞","c"
"Quit without saving","退出且不保存","c"
"Return to game","返回游戏","c"
"Save to this timeline","保存到此时间线","c"
"Save to timeline folder: ","保存到时间线目录: ","c"
"Save to new timeline","保存到新的时间线","c"
"Save to new folder (same timeline)","在新的目录保存(时间线不变)","c"
"May interfere with existing saves.","可能会影响现有存档.","c"
"Do this if you want to keep the old save.","点击保存旧存档.","c"
"Recommended!","推荐!","c"
"Abandoned","废弃","c"
"Your settlement has been abandoned.","你的定居点已被废弃","c"
"Save world and return to title menu","保存世界并返回标题菜单","c"
"Really quit?","确定要退出吗?"
"Really retire?","真的累了?"
"The fort will be saved but","要塞会被保存, 但是您需要收复要塞才能玩."
"you will need to reclaim the fort to play",""
"here again.",""
"Abandon","废弃","c"
"Cancel","取消","c"
"Downward Slope","下坡"
"Open Space","开放空间"
"Cluster","簇"
"Pillar","支柱"
"scrapes","擦伤"
"Fouled Water","污水"
"Embark with a group to start a settlement.","与一群人一起出发, 开始建立一个定居点."
"Your citizens will build, mine, craft, trade, fight, and manage as you guide your outpost through its history.","在您引导前哨站发展的过程中,\n您的市民将进行建造、采矿、制作、交易、战斗和管理.","s"
"Design the shape and",""
"purpose of the fortress by issuing orders for","通过向居民下达指令, 设计要塞的形状和用途."
"the residents to follow.",""
"Granite 0","花岗岩月 {d}年"
"Slate 0","板岩月 {d}年"
"Felsite 0","霏细岩月 {d}年"
"Hematite 0","赤铁矿月 {d}年"
"Malachite 0","孔雀石月 {d}年"
"Galena 0","方铅矿月 {d}年"
"Limestone 0","石灰岩月 {d}年"
"Sandstone 0","砂岩月 {d}年"
"Timber 0","林木月 {d}年"
"Moonstone 0","月光石月 {d}年"
"Opal 0","蛋白石月 {d}年"
"Obsidian 0","黑曜石月 {d}年"
"Dolomite","白云石"
"Dig a rectangle underground big enough for a large Stockpile and some Workshops. Consider that most Workshops are 3x3 squares. Mining through the stone layers further down may take longer, but it leaves Boulders which are an essential building material.","在地下挖掘一个足够大的空间, 用以建立\a#D79B2D储物点\a和\a#D79B2D工坊\a.\n考虑到多数\a#D79B2D工坊\a都是3X3大小的正方形.\n在更深的岩层中进一步开采可能需要更多的时间,\n但是它留下了\a#FFFF11巨石\a,这是一种必不可少的建筑材料.","s"
"Later you can consider making a Meeting Area from the Zones menu. Otherwise your citizens will continue to gather by the Wagon outside.","稍后您可以考虑从\a#E811FF区域\a菜单创建一个\a#71BBB0集会区\a.\n否则您的市民将继续在外面的马车旁聚集.","s"
"Room completed (0 of 0)","房间建设完成 ({d} of {d})"
"Regular mining","常规挖掘"
"Stockpiles (0 of 0)","储物堆({d} of {d})","c"
"The supplies on the wagon are in danger of being carried off by wild creatures! It's time to build a Stockpile underground to unload them. Stockpiles are crucial to moving supplies around your fortress where they are needed.","马车上的补给有被野兽带走的危险!\n是时候在地下建造\a#D79B2D储物堆\a去卸载货物了.\n\a#D79B2D储物堆\a对于搬家是重要的供应给要塞中需要的地方.","s"
"Stockpiles are placed with the Stockpile button","储物点\a#C0C0C0位于\a\a#E811FF储物堆\a\a#C0C0C0功能键中(已高亮显示), 请点击它.\a","s"
"(highlighted.) Click it now.",""
"Open stockpile mode","打开储物堆模式"
"Set tree chopping orders.","设定树木砍伐命令."
"Set tree chopping orders.  Select the base of the tree so that the woodcutter can reach it.  Assign a woodcutter to the work detail if necessary.","设定树木砍伐命令.\n选择树的底部, 以便樵夫能够到.\n如有必要,\n指派一名樵夫负责这项工作.","s"
"The woodcutter requires an axe.","樵夫需要一把斧头."
"Set plant gathering orders.","设置植物采集命令."
"Set wall smoothing, engraving, track carving, and fortification orders.","设置墙壁平滑, 雕刻,\n轨道雕刻和防御工事命令.","s"
"Remove mining, woodcutting, plant gathering, and smoothing orders.","取消开采, 砍伐,\n植物采集及平整命令.","s"
"Place structures and work areas that require construction materials.","放置需要建筑材料的结构和\n工作区域.","s"
"Place stockpiles for item storage.","放置物品储存的库存."
"Place zones to establish meeting areas, pastures, and more.","放置区域以建立会议区,\n牧场和更多.","s"
"Establish burrows to organize work and living spaces in larger fortresses.","在较大的堡垒中建立洞穴\n来组织工作和生活空间.","s"
"Set hauling routes for minecarts.","设置矿车运输路线."
"Set high and low traffic areas.","设置高流量和低流量区域."
"Designate items for dumping and melting, claim forbidden items and buildings, and set item visibility.","指定倾倒和熔化的物品,\n要求禁止的物品和建筑,\n并设置物品的可见性.","s"
"Show advanced options.","显示高级选项."
"Hold left button to draw.","按住左键可以画画."
"Left click to choose corners of a rectangle.","左击选择矩形的一个边角."
"Really quit without saving?","确定要不保存退出吗?"
"All of your progress since the last save will be lost.","你上次之后的所有进展存档将会丢失."
"Left click for recenter and expand options.","左键单击可重新定位和展开选项."
"Right click to dismiss.","右键点击可以解散."
"Creatures","生物"
"Residents","居民"
"Tasks","任务"
"Places","地点"
"Work orders","工作单"
"Workers","工作人员"
"Nobles and administrators","贵族和管理员"
"Objects","对象"
"Justice","正义"
"Citizens","市民"
"Pets/Livestock","宠物/牲畜"
"Farm plots","耕地"
"Siege engines","攻城器械"
"Saving game","保存"
"Dead/Missing","死亡/失踪"
"Neighbors:","邻居:"
"Nearest site: here","最近的位置: 这里"
"Nearest site: 0/0 day's travel west","最近的位置: 西方{d}/{d}天的旅程"
"Nearest site: 0/0 day's travel north","最近的位置: 北方{d}/{d}天的旅程"
"Nearest site: 0/0 day's travel east","最近的位置: 东方{d}/{d}天的旅程"
"Nearest site: 0/0 day's travel south","最近的位置: 南方{d}/{d}天的旅程"
"Nearest site: 0/0 day's travel NW","最近的位置: 西北{d}/{d}天的旅程"
"Nearest site: 0/0 day's travel NE","最近的位置: 东北{d}/{d}天的旅程"
"Nearest site: 0/0 day's travel SE","最近的位置: 东南{d}/{d}天的旅程"
"Nearest site: 0/0 day's travel SW","最近的位置: 西南{d}/{d}天的旅程"
"Nearest site: 0 day's travel west","最近的位置: 西方{d}天的旅程"
"Nearest site: 0 days' travel north","最近的位置: 北方{d}天的旅程"
"Nearest site: 0 days' travel east","最近的位置: 东方{d}天的旅程"
"Nearest site: 0 days' travel south","最近的位置: 南方{d}天的旅程"
"Nearest site: 0 days' travel NE","最近的位置: 东北方{d}天的旅程"
"Nearest site: 0 days' travel NW","最近的位置: 西北方{d}天的旅程"
"Nearest site: 0 days' travel SE","最近的位置: 东南方{d}天的旅程"
"Nearest site: 0 days' travel SW","最近的位置: 西南方{d}天的旅程"
"Nearest site: A day's travel west","最近的位置: 西方一天的旅程"
"Nearest site: A days' travel north","最近的位置: 北方一天的旅程"
"Nearest site: A days' travel east","最近的位置: 东方一天的旅程"
"Nearest site: A days' travel south","最近的位置: 南方一天的旅程"
"Nearest site: A days' travel NE","最近的位置: 东北方一天的旅程"
"Nearest site: A days' travel NW","最近的位置: 西北方一天的旅程"
"Nearest site: A days' travel SE","最近的位置: 东南方一天的旅程"
"Nearest site: A days' travel SW","最近的位置: 西南方一天的旅程"
"More than a day's travel","超过一天的旅行"
"Nearly a day's travel","差不多一天的旅行"
"A half day's travel","半天的旅行"
"A thousand","一千"
"A few hundred","几百"
"Two thousand","两千"
"Elves","精灵"
"Humans","人类"
"Goblins","哥布林"
"Hostile, four thousand","敌对, 四千"
"Alerts (0 of 0)","警报 ({d} of {d})"
"This is an example urgent alert!","这就是一个紧急警告."
"These are very important.","这些都很重要."
"Ignore them at","忽视它们会非常危险."
"your peril.",""
"Dismiss the large red alert","解除大范围红色警戒"
"You can recenter on certain announcements.","你可以重新定位某些通告."
"Right click to close.","点击右键关闭."
"Important and sometimes urgent information is given as alerts on the left side of the screen. There has been one already!","重要且有时是紧急的信息会在屏幕左侧以警报的形式显示.\n已经有一个了!","s"
"Hover over an alert icon to see the information. Left click on an alert for recentering options, and right click to dismiss an alert.","把鼠标停留在警告标签上来查看详细信息.\n左键单击以打开警报,右键单击以关闭警报.","s"
"Preparing for the Caravan (0 of 0)","为商队的到来做好准备 ({d} of {d})","c"
"0th Granite","花岗岩月{d}日"
"You may need supplies before the coming of winter. To trade with the autumn caravan, you must build a Trade Depot from the Build menu.","在冬日到来前你可能需要一些补给. 为了和秋天的商队交易,\n你必须从\a#D79B2D建造\a菜单里建造一个\a#D79B2D贸易站\a.","s"
"You need something of value to trade. Crafts are an easy way to make a lot of trade goods quickly. Make the appropriate workshop with Workshops -> Crafts.","要交易,你就得有有价值的东西.\n\a#F1E111工艺品\a是最容易且快速制造的大量货物.\n在\a#E811FF工坊\a->\a#E811FF工艺品\a选单中建立合适的工坊.","s"
"An obvious material to use to make the crafts is rock. If you dig down enough layers you will find a near infinite amount of Boulders of various kinds as well as some Rough Gems if you are lucky.","制作这些工艺品的一种明显的材料是岩石.\n如果你挖的足够深, 那么你就会发现近乎无限的各类\a#FFE111矿石\a,\n如果你幸运的话还有一些\a#FFE111宝石原料\a.","s"
"Gems can be Cut at the Jeweler's Workshop. Encrust them on Crafts and other items to add even more value.","\a#C0C0C0可以在\a\a#D79B2D珠宝工坊\a\a#12FECF切割\a\a#FFE111宝石\a\a#C0C0C0. 将他们镶嵌在工艺品或者其他物品上来增加更多的价值.\a","s"
"Just the beginning","这才刚刚开始","c"
"There's a lot more to learn!","要学的还有很多呢!"
"As you enter new menus, there will be information and tips.","信息和提示会在打开新菜单时出现."
"The Help button at the top of the screen contains more guides. Click it now, and this tutorial will be concluded.","屏幕上方的\a#E811FF帮助\a按钮有更多指南. 点击将结束教学.","s"
"Click the help button","点击帮助"
"Military","军事"
"Trade","贸易"
"[Completed]","[完成]"
"The game is open-ended and you can do whatever you choose.","这个游戏是开放式结局的, 你可以随心所欲."
"If you'd like a goal, try to join a village hearth and improve your reputation.","如果你实在想要一个目标的话, 去加入一个村庄, 然后提高你的声誉."
"If you'd like a goal, try to become a barony, then a Mountainhome.","如果你实在想要一个目标的话, 先成为一个领主, 然后建立一个山居."
"More likely, your dwarves will starve, unless you read the first few guides here!","更有可能的是, 不看前几条说明的话, 你的矮人会挨饿!"
"And remember: Losing is fun, and now it's personal!","且请牢记: \a#13FD65输了才好玩\a, 而且这回只输你一人!","s"
"And remember: Losing is fun!","且请牢记: \a#13FD65输了才好玩!\a","s"
"Last save: ","上次保存：","b"
"0 mins ago","{d} 分钟前","b"
"Here you can see every Item in the fortress. Click on category headings to collapse and expand them.","在这里你可以看到要塞中的所有\a#FFE111物品\a.\n单击类别标题折叠并展开它们.","s"
"If you don't have a Bookkeeper, or they don't have an Office to work in, numbers may be approximate.","如果你没有一位\a#A73CD5簿记员\a, 或者他没有一间用来工作的\a#71BBB0办公室\a,\n那么你库存中显示的数量将是模糊的大概的.","s"
"Animal traps","动物陷阱"
"ammunition","弹药"
"Ammunition","弹药"
"Amulets","护身符"
"amulet","护身符"
"Are you sure?","你确定么?","c"
"Are you sure you want to restore Enabled defaults for gameplay tools?","你确定要还原已启用默认值用于游戏工具吗？"
"Show up and down arrows over ramps at the current elevation.","在当前高度处的斜坡上\n显示向上和向下箭头.","s"
"Recenter on the deepest discovered area at this location.","在这个位置上,\n将中心放在最深的被发现区域.","s"
"Display water and magma depth numerically (0 to 0.)","使用数字({d}-{d})\n显示水和岩浆的深度.","s"
"Dig a regular hallway or room.  Assign a miner to the work detail if necessary.","挖一个普通的走廊或房间.\n如果有必要的话,\n给工作细节分配一个矿工.","s"
"The miner requires a pick.","矿工需要一个镐."
"Dig a stairwell on this level, going up or down.  Your selection must span multiple elevations.  Click on a tile, change elevations, and click again.","在这一层挖一个楼梯间,\n向上或向下.\n您的选择必须跨越多个高程.\n点击一个图块,更改海拔,\n然后再次点击.","s"
"Designate constructed walls, floors, and other constructed tiles to be removed by miners.  This also designates all stairwells and ramps.","指定建造的墙壁,\n地板和其他建造的瓷砖,\n由矿工拆除.\n这也指定了所有楼梯间和坡道.","s"
"Mark for uninterrupted digging through damp or warm tiles.","标记用于不间断挖掘\n穿过潮湿或温暖的图块.","s"
"Smooth a rough wall to make it more pleasing to your citizens.  This also prepares the wall for engraving or fortification.","将粗糙的墙壁打磨平整,\n让您的市民更满意.\n这也为雕刻或防御工事准备了墙壁.","s"
"Carve a track in a stone floor.  Tracks are used by minecarts with routes set in the hauling menu.","在石头地板上雕刻一条轨道.\n轨道由矿车使用,\n其路线在运输菜单中设置.","s"
"Carve a gap in a smooth wall to allow your archers to fire upon invaders.","在光滑的墙壁上开出一个缺口,\n让您的弓箭手可以向入侵者射击.","s"
"Open mass removal interface.","打开批量移除界面."
"Mass Remove","批量移除","c"
"Start painting a new stockpile.  Once the tiles are chosen, you'll be able to set the details.","开始画一个新的库存.\n一旦选择了瓷砖,你就可以设置细节.","s"
"This crucial building is where all trading will be done.  Pack animals from distant civilizations will need to access this building from the edge of the map.  Later, wagons will need a clear 0-wide path to the depot.","这座关键的建筑是所有贸易的地方.\n来自遥远文明的驮运动物\n将需要从地图的边缘进入这个建筑.\n后来, 马车将需要一条清晰的\n{d}米宽的小路通往车厂.","s"
"A useful workshop for pressing liquids from various sources. Some plants might need to be milled first before they can be used.","一个能够将各种素材压榨成液体的有用工坊,\n某些植物则需要预先碾磨才能使用.","s"
"Empty jugs are required to store the liquid products.","制成的液体需要用空壶来装."
"Amount needed: 0","所需数量: {d}"
"Dist: 0","距离: {d}"
"Click in the play area to paint the stockpile.","点击游玩区域来划定储物区."
"Accept","接受","c"
"Ornamental.","装饰品."
"Demanded",""
"by some nobles.","一些贵族需要它们."
"Toggle enabled","启用切换","b"
"Show full tool help or run custom command","显示完整工具帮助或执行自定义命令","b"
"Automatically butcher excess livestock.","自动屠宰超出需求的牲畜"
"Open Combat Log","打开战斗日志","b"
"Better Combat Log","优化战斗日志","b"
"Combat Log","战斗日志"
"Relations","关系"
"Groups","组"
"Thoughts","想法"
"Personality","性格"
"Overview","概述"
"Items","项目"
"Health","健康"
"Rooms","房间"
"Skills","技能"
"Labor","劳动"
"Status","要塞总览"
"Wounds","伤处"
"Treatment","治疗"
"History","历史"
"Description","描述"
"Social","社会"
"Knowledge","知识"
"Other skills","其他技能"
"Work details","工作细节"
"Workshops","工坊"
"Locations","地点"
"Work animals","家畜"
"Traits","性格"
"Values","价值观"
"Needs","需要"
"Recent thoughts","近期想法"
"Memories","记忆"
"Squad","分队"
"Uniform","制式服装"
"Kills","击杀数"
"Work Details","工作细节"
"Standing orders","常务委员会"
"Stone use","石头用途"
"Written content","书写内容"
"Named objects","被命名的物品"
"Symbols","符号"
"0 Years Old,","年龄：{d} 岁,"
"Make wooden chair","制作木椅"
"Fisherdwarf","捕鱼矮人"
"Sort units by professioncategory.","按专业类别对单位进行排序."
"Sort units by professionname.","按职业名称对单位进行排序."
"Cat","类别"
"Prof","职业"
"0% occupied","占用 {d}%"
"Open the general search and zoom interface.","打开通用搜索\n与缩放界面","s"
"Move selector up","向上移动选择器"
"Move selector down","向下移动选择器"
"Page selector up","页面选择器"
"Page selector down","页面选择器向下"
"Mouse-context scrollbar up","鼠标-上下文滚动条向上"
"Mouse-context scrollbar down","鼠标-上下文滚动条向下"
"Mouse-context scrollbar page up","鼠标-上下文滚动条向上翻页"
"Mouse-context scrollbar page down","鼠标-上下文滚动条向下翻页"
"Move keyboard cursor up","键盘光标向上移动"
"Move keyboard cursor down","键盘光标下移"
"Move keyboard cursor left","键盘光标左移"
"Move keyboard cursor right","键盘光标右移"
"Move keyboard cursor up and left","键盘光标向上和向左移动"
"Move keyboard cursor up and right","向上和向右移动键盘光标"
"Move keyboard cursor down and left","键盘光标向下和向左移动"
"Move keyboard cursor down and right","键盘光标向下和向右移动"
"Move keyboard cursor up, fast","向上移动键盘光标,快速"
"Move keyboard cursor down, fast","将键盘光标向下移动,快速"
"Move keyboard cursor left, fast","向左移动键盘光标,快速"
"Move keyboard cursor right, fast","向右移动键盘光标,快速"
"Move keyboard cursor up and left, fast","键盘光标向上和向左移动,快速"
"Information and guides","信息和指南"
"Survival","生存"
"Planting","种植"
"Other food sources","其他食物来源"
"Bins, bags, and barrels","箱子, 袋子和圆桶"
"Offices and administrative work","办公室和行政工作"
"Ore and smelting","矿石与熔炼"
"Traps and levers","陷阱和控制杆"
"Wells","井"
"Handling light aquifers","处理轻含水层"
"Clothing","服装"
"Meeting areas and locations","会议区域和地点"
"Ramps and channels","坡道和沟渠"
"Refuse and dumping","垃圾和倾倒"
"Dig deeper","向下再挖"
"Happiness and stress","幸福与压力"
"Goals","目标"
"Popup: Zones","弹窗:活动区"
"Popup: Burrows","弹窗:洞所"
"Popup: Hauling","弹窗:运输"
"Popup: Stocks","弹窗:库存"
"Popup: Work details","弹窗:工作信息"
"Popup: Nobles","弹窗:贵族"
"Popup: Justice","弹窗:司法"
"Popup: Squads","弹窗:小队"
"Popup: The world","弹窗:世界"
"Popup: Work orders","弹窗:工作清单"
"Gregarious","合群的"
"Values law","重视法律"
"Values loyalty","重视忠诚"
"Values family","重视家庭"
"Values friendship","重视友谊"
"Values power","重视权利"
"Values truth","重视真相"
"Values cunning","重视诡诈"
"Values eloquence","重视口才"
"Values fairness","重视公平"
"Values decorum","重视礼仪"
"Values tradition","重视传统"
"Values artwork","重视艺术作品"
"Values cooperation","重视合作"
"Values independence","重视独立"
"Values stoicism","重视恬淡寡欲"
"Values introspection","重视内省"
"Values self-control","重视自我控制"
"Values tranquility","重视安宁"
"Values harmony","重视和谐"
"Values merriment","重视狂欢"
"Values craftwork","重视手工艺品"
"Values martial prowess","重视武艺高强"
"Values skill","重视技能"
"Values hard work","重视勤劳"
"Values sacrifice","重视牺牲"
"Values competition","重视竞争"
"Values perseverance","重视坚持不懈"
"Values leisure time","重视闲暇时光"
"Values commerce","重视贸易"
"Values romance","重视爱情"
"Values nature","重视自然"
"Values peace","重视和平"
"Values knowledge","重视知识"
#[----------end reviewed dict----------]